{
    "DirectionalLights": [
        {
            "Color": [
                1.0,
                1.0,
                1.0
            ],
            "Direction": [
                -0.4000000059604645,
                -1.0,
                -1.0
            ],
            "Intensity": 2.0
        }
    ],
    "PointLights": [
        {
            "Color": [
                0.6000000238418579,
                0.10000000149011612,
                0.10000000149011612
            ],
            "Intensity": 20.0,
            "Position": [
                10.7952241897583,
                1.5466498136520386,
                -0.30000001192092896
            ],
            "Range": 2.0
        },
        {
            "Color": [
                1.0,
                0.5899999737739563,
                0.0
            ],
            "Intensity": 20.0,
            "Position": [
                10.179591178894043,
                3.4946985244750977,
                -1.4122627973556519
            ],
            "Range": 2.0
        },
        {
            "Color": [
                0.0,
                0.44999998807907104,
                1.0
            ],
            "Intensity": 20.0,
            "Position": [
                10.037985801696777,
                3.419152021408081,
                1.0825272798538208
            ],
            "Range": 2.0
        }
    ]
}