{
    "DirectionalLights": [
        {
            "Color": [
                1.0,
                1.0,
                1.0
            ],
            "Direction": [
                -0.4000000059604645,
                -1.0,
                -1.0
            ],
            "Intensity": 2.0
        }
    ],
    "PointLights": [
        {
            "Color": [
                0.6000000238418579,
                0.10000000149011612,
                0.10000000149011612
            ],
            "Intensity": 20.0,
            "Position": [
                10.800000190734863,
                1.600000023841858,
                -0.30000001192092896
            ],
            "Range": 2.0
        },
        {
            "Color": [
                1.0,
                0.5899999737739563,
                0.0
            ],
            "Intensity": 20.0,
            "Position": [
                9.899999618530273,
                3.9000000953674316,
                -1.0
            ],
            "Range": 2.0
        },
        {
            "Color": [
                0.0,
                0.44999998807907104,
                1.0
            ],
            "Intensity": 20.0,
            "Position": [
                9.899999618530273,
                3.9000000953674316,
                1.399999976158142
            ],
            "Range": 2.0
        }
    ]
}