{
    "DirectionalLights": [
        {
            "Color": [
                1.0,
                1.0,
                1.0
            ],
            "Direction": [
                -0.4000000059604645,
                -1.0,
                -1.0
            ],
            "Intensity": 0.0
        }
    ],
    "LightSets": [
        {
            "Animated": false,
            "Center": [
                -1.100000023841858,
                3.0999999046325684
            ],
            "DrawDebugSpheres": false,
            "Name": "Light Set 5",
            "PointLights": [
                {
                    "Color": [
                        0.6963093280792236,
                        0.07388496398925781,
                        0.0399814248085022
                    ],
                    "Intensity": 1000.0,
                    "Position": [
                        0.0,
                        0.0,
                        0.0
                    ],
                    "Range": 3.0
                }
            ],
            "RadiusX": 8.5,
            "RadiusZ": 0.30000001192092896,
            "Speed": 0.5,
            "YPos": 3.0999999046325684
        }
    ]
}